,sigma2_row,sigma2_col,sigma2_co_clust
synthetic_1,1209.3942171348474,1334.8609467990468,32.71786361982562
synthetic_2,1901.6288473292097,1957.7931434615045,46.602594753552864
