,clust,co_clust
abalone,1.483601125,0.75029594375
car_models,39915535110.854996,4063660445.2250004
horses,219314.75,122175.0
fish,481995671.2815874,16653824.85783
fungi,133.85,52.0625
temperature,2200.625,259.5
